{
  "project_info": {
    "project_number": "808817164018",
    "firebase_url": "https://phoneaunth.firebaseio.com",
    "project_id": "phoneaunth",
    "storage_bucket": "phoneaunth.appspot.com"
  },
  "client": [
    {
      "client_info": {
        "mobilesdk_app_id": "1:808817164018:android:13a1858799acc41c6e9a6b",
        "android_client_info": {
          "package_name": "lastie_wangechian_phoneaunth.com"
        }
      },
      "oauth_client": [
        {
          "client_id": "808817164018-l2uce4pahj5d2j1e2f6t6vu1pjvolhpu.apps.googleusercontent.com",
          "client_type": 1,
          "android_info": {
            "package_name": "lastie_wangechian_phoneaunth.com",
            "certificate_hash": "19d363457bef432684818f776235f6d31b3d74a8"
          }
        },
        {
          "client_id": "808817164018-mmapq7ihdcdlksc7kruhvah84pkrj7lr.apps.googleusercontent.com",
          "client_type": 3
        }
      ],
      "api_key": [
        {
          "current_key": "AIzaSyD2kQ7CzOZKqfpz07MoHIeoE-GWDlCsvjk"
        }
      ],
      "services": {
        "appinvite_service": {
          "other_platform_oauth_client": [
            {
              "client_id": "808817164018-mmapq7ihdcdlksc7kruhvah84pkrj7lr.apps.googleusercontent.com",
              "client_type": 3
            }
          ]
        }
      }
    }
  ],
  "configuration_version": "1"
}